{

  "description": "Web extension by massa (WIP)",
  "manifest_version": 3,
  "name": "Massa",
  "version": "0.1",
  
  "icons": {
    "27": "icons/massa-logo.png"
  },

  "permissions": [
    "*://*/*",
    "activeTab",
    "webNavigation",
    "tabs",
    "storage"
  ],

  "browser_action": {
    "default_icon": "icons/massa-logo.png",
    "default_title": "Massa",
    "default_popup": "popup/index.html"
  },

  "background": {
    "service_worker": "background.js"
  },

  "content_scripts": [
    {
      "all_frames": true,
      "matches": ["*://*/*"],
      "js": ["lib/jquery.min.js", "inject.js"]
    }
  ]

}
